Date,Open,High,Low,Close,Adj Close,Volume
2017-03-06,2380.250000,2380.750000,2367.000000,2375.500000,2375.500000,1357594
2017-03-07,2371.250000,2375.500000,2364.500000,2366.500000,2366.500000,1376883
2017-03-08,2365.750000,2373.000000,2359.500000,2364.000000,2364.000000,1303962
2017-03-09,2363.750000,2369.250000,2354.000000,2366.250000,2366.250000,1651698
2017-03-10,2367.500000,2379.750000,2362.250000,2371.750000,2371.750000,1788548
2017-03-12,null,null,null,null,null,null
2017-03-13,2370.750000,2375.250000,2368.000000,2375.000000,2375.000000,1361113
2017-03-14,2374.000000,2374.750000,2358.000000,2366.500000,2366.500000,1042690
2017-03-15,2367.000000,2390.500000,2366.500000,2383.750000,2383.750000,952366
2017-03-16,2382.500000,2392.000000,2376.750000,2382.750000,2382.750000,621381
2017-03-17,2382.250000,2385.750000,2379.000000,2384.500000,2384.500000,377982
2017-03-19,null,null,null,null,null,null
2017-03-20,2373.750000,2376.000000,2365.500000,2370.250000,2370.250000,1277357
2017-03-21,2369.000000,2378.750000,2338.000000,2342.250000,2342.250000,1076099
2017-03-22,2340.500000,2348.750000,2332.250000,2342.500000,2342.500000,2567939
2017-03-23,2342.250000,2356.000000,2338.250000,2340.000000,2340.000000,1883451
2017-03-24,2341.000000,2352.750000,2331.750000,2344.750000,2344.750000,1631527
2017-03-26,null,null,null,null,null,null
2017-03-27,2337.000000,2341.500000,2317.750000,2338.500000,2338.500000,1600274
2017-03-28,2340.500000,2360.500000,2333.500000,2351.500000,2351.500000,1614233
2017-03-29,2353.000000,2359.750000,2348.750000,2357.000000,2357.000000,1623900
2017-03-30,2357.000000,2366.750000,2353.250000,2364.500000,2364.500000,1154538
2017-03-31,2365.500000,2366.750000,2356.750000,2359.250000,2359.250000,1164616
2017-04-02,null,null,null,null,null,null
2017-04-03,2357.500000,2363.250000,2340.000000,2356.000000,2356.000000,1568884
2017-04-04,2354.250000,2358.750000,2344.750000,2356.500000,2356.500000,1716027
2017-04-05,2358.750000,2375.000000,2343.750000,2346.500000,2346.500000,1209054
2017-04-06,2345.500000,2361.250000,2338.000000,2353.750000,2353.750000,1938825
2017-04-07,2355.250000,2360.750000,2336.750000,2352.250000,2352.250000,1595949
2017-04-09,null,null,null,null,null,null
2017-04-10,2351.750000,2363.250000,2347.500000,2352.500000,2352.500000,1473460
2017-04-11,2354.250000,2355.750000,2333.250000,2351.000000,2351.000000,1351301
2017-04-12,2351.750000,2356.500000,2337.500000,2340.750000,2340.750000,1856700
2017-04-13,2338.750000,2345.000000,2324.000000,2327.500000,2327.500000,1534596
2017-04-16,null,null,null,null,null,null
2017-04-17,2324.000000,2346.000000,2322.750000,2345.000000,2345.000000,1587079
2017-04-18,2345.000000,2347.000000,2330.250000,2337.250000,2337.250000,981675
2017-04-19,2337.750000,2349.250000,2331.250000,2333.750000,2333.750000,1432200
2017-04-20,2333.250000,2358.250000,2332.500000,2352.000000,2352.000000,1254296
2017-04-21,2352.750000,2356.000000,2340.500000,2347.500000,2347.500000,1468523
2017-04-23,null,null,null,null,null,null
2017-04-24,2365.750000,2376.750000,2365.250000,2370.000000,2370.000000,1277783
2017-04-25,2370.000000,2389.250000,2368.250000,2385.000000,2385.000000,1553985
2017-04-26,2383.000000,2394.750000,2381.500000,2382.250000,2382.250000,1324272
2017-04-27,2381.500000,2388.750000,2378.750000,2386.000000,2386.000000,1493096
2017-04-28,2386.250000,2388.750000,2378.250000,2380.500000,2380.500000,1115269
2017-04-30,null,null,null,null,null,null
2017-05-01,2381.500000,2390.750000,2377.000000,2387.000000,2387.000000,1167297
2017-05-02,2386.250000,2388.750000,2381.750000,2385.750000,2385.750000,906278
2017-05-03,2384.000000,2386.000000,2375.500000,2383.250000,2383.250000,958983
2017-05-04,2382.000000,2390.750000,2376.000000,2385.500000,2385.500000,1076558
2017-05-05,2386.000000,2399.250000,2379.000000,2397.750000,2397.750000,1229736
2017-05-07,null,null,null,null,null,null
2017-05-08,2402.500000,2403.750000,2389.750000,2395.000000,2395.000000,1127621
2017-05-09,2394.500000,2400.000000,2388.750000,2393.250000,2393.250000,957161
2017-05-10,2391.750000,2397.000000,2387.500000,2395.250000,2395.250000,1105436
2017-05-11,2395.000000,2395.250000,2379.000000,2391.000000,2391.000000,998859
2017-05-12,2390.250000,2391.500000,2384.250000,2388.750000,2388.750000,1356242
2017-05-14,null,null,null,null,null,null
2017-05-15,2388.750000,2402.250000,2388.000000,2398.500000,2398.500000,1087422
2017-05-16,2399.750000,2404.500000,2393.750000,2397.000000,2397.000000,1041264
2017-05-17,2396.500000,2396.750000,2354.750000,2357.500000,2357.500000,1071111
2017-05-18,2355.000000,2375.000000,2344.500000,2363.500000,2363.500000,2814349
2017-05-19,2364.000000,2388.000000,2361.000000,2381.500000,2381.500000,2460956
2017-05-21,null,null,null,null,null,null
2017-05-22,2381.750000,2394.250000,2378.250000,2392.750000,2392.750000,1672971
2017-05-23,2393.500000,2399.500000,2386.750000,2398.000000,2398.000000,1113022
2017-05-24,2397.000000,2404.000000,2394.750000,2402.000000,2402.000000,1024986
2017-05-25,2403.000000,2417.750000,2402.500000,2413.500000,2413.500000,984358
2017-05-26,2413.000000,2415.750000,2408.000000,2413.750000,2413.750000,1315611
2017-05-28,null,null,null,null,null,null
2017-05-30,2414.000000,2417.000000,2407.750000,2410.750000,2410.750000,879560
2017-05-31,2410.500000,2416.750000,2402.750000,2411.000000,2411.000000,1040285
2017-06-01,2413.750000,2430.500000,2410.500000,2429.500000,2429.500000,1729723
2017-06-02,2429.250000,2439.750000,2427.000000,2437.750000,2437.750000,1432385
2017-06-04,null,null,null,null,null,null
2017-06-05,2435.250000,2439.000000,2433.000000,2434.500000,2434.500000,1735800
2017-06-06,2434.250000,2435.750000,2426.250000,2430.750000,2430.750000,891938
2017-06-07,2429.500000,2435.000000,2424.000000,2432.000000,2432.000000,1353806
2017-06-08,2431.500000,2439.000000,2427.250000,2432.500000,2432.500000,1431930
2017-06-09,2427.250000,2445.750000,2414.750000,2430.500000,2430.500000,1445922
2017-06-11,null,null,null,null,null,null
2017-06-12,2430.000000,2431.000000,2419.000000,2428.500000,2428.500000,1588107
2017-06-13,2428.750000,2441.500000,2427.250000,2440.000000,2440.000000,1253497
2017-06-14,2440.250000,2445.500000,2427.750000,2437.250000,2437.250000,1028985
2017-06-15,2436.000000,2436.000000,2418.250000,2434.250000,2434.250000,684544
2017-06-16,2433.750000,2439.000000,2432.500000,2433.750000,2433.750000,470700
2017-06-18,null,null,null,null,null,null
2017-06-19,2433.500000,2451.500000,2432.750000,2447.500000,2447.500000,1336684
2017-06-20,2447.750000,2451.000000,2434.000000,2437.500000,2437.500000,1223334
2017-06-21,2435.750000,2440.000000,2428.000000,2433.500000,2433.500000,1332027
2017-06-22,2431.750000,2439.000000,2428.000000,2431.750000,2431.750000,1374762
2017-06-23,2431.250000,2438.750000,2428.250000,2435.000000,2435.000000,1056822
2017-06-25,null,null,null,null,null,null
2017-06-26,2432.000000,2447.500000,2430.000000,2436.000000,2436.000000,1197448
2017-06-27,2435.750000,2437.250000,2416.500000,2420.500000,2420.500000,1265812
2017-06-28,2417.000000,2442.500000,2413.750000,2438.500000,2438.500000,1639883
2017-06-29,2442.000000,2445.000000,2402.250000,2420.000000,2420.000000,1560424
2017-06-30,2420.750000,2429.750000,2415.000000,2421.000000,2421.000000,2337789
2017-07-02,null,null,null,null,null,null
2017-07-03,null,null,null,null,null,null
2017-07-05,2423.750000,2432.250000,2419.250000,2428.000000,2428.000000,766228
2017-07-06,2428.000000,2430.500000,2405.250000,2408.500000,2408.500000,1287423
2017-07-07,2409.250000,2425.000000,2407.500000,2422.500000,2422.500000,1603746
2017-07-09,null,null,null,null,null,null
2017-07-10,2423.000000,2430.000000,2419.250000,2424.500000,2424.500000,1266391
2017-07-11,2423.750000,2427.750000,2410.250000,2424.500000,2424.500000,861222
2017-07-12,2425.000000,2443.750000,2422.500000,2440.000000,2440.000000,1132273
2017-07-13,2441.250000,2447.000000,2439.000000,2445.500000,2445.500000,1163339
2017-07-14,2446.500000,2461.250000,2442.000000,2456.000000,2456.000000,941061
2017-07-16,null,null,null,null,null,null
2017-07-17,2457.000000,2460.500000,2454.000000,2458.500000,2458.500000,1091078
2017-07-18,2459.250000,2461.000000,2448.000000,2457.750000,2457.750000,862469
2017-07-19,2459.750000,2472.000000,2457.750000,2471.500000,2471.500000,1091158
2017-07-20,2471.000000,2476.250000,2465.500000,2471.250000,2471.250000,958463
2017-07-21,2472.500000,2475.250000,2462.750000,2469.500000,2469.500000,1106684
2017-07-23,null,null,null,null,null,null
2017-07-24,2469.750000,2470.500000,2463.500000,2468.500000,2468.500000,1095937
2017-07-25,2467.000000,2478.750000,2466.250000,2474.000000,2474.000000,857750
2017-07-26,2475.250000,2479.750000,2471.500000,2473.250000,2473.250000,1074033
2017-07-27,2474.500000,2480.500000,2457.000000,2472.000000,2472.000000,972444
2017-07-28,2472.000000,2472.000000,2461.500000,2470.250000,2470.250000,1647577
2017-07-30,null,null,null,null,null,null
2017-07-31,2470.500000,2475.000000,2465.250000,2468.000000,2468.000000,1156784
2017-08-01,2468.000000,2477.250000,2466.250000,2472.250000,2472.250000,1229202
2017-08-02,2474.000000,2476.000000,2463.250000,2473.500000,2473.500000,1043439
2017-08-03,2473.250000,2474.500000,2466.000000,2471.750000,2471.750000,1304650
2017-08-04,2470.750000,2477.750000,2467.750000,2472.000000,2472.000000,1087355
2017-08-06,null,null,null,null,null,null
2017-08-07,2472.250000,2478.250000,2472.000000,2477.500000,2477.500000,1070866
2017-08-08,2477.500000,2488.500000,2467.500000,2472.750000,2472.750000,599701
2017-08-09,2470.000000,2474.500000,2459.000000,2473.000000,2473.000000,1367671
2017-08-10,2474.000000,2474.250000,2432.750000,2437.500000,2437.500000,1555517
2017-08-11,2434.500000,2446.500000,2430.250000,2440.000000,2440.000000,2324062
2017-08-13,null,null,null,null,null,null
2017-08-14,2441.500000,2466.500000,2441.500000,2463.500000,2463.500000,1670104
2017-08-15,2464.500000,2473.250000,2460.000000,2463.750000,2463.750000,1470477
2017-08-16,2464.500000,2474.000000,2461.500000,2467.500000,2467.500000,1060173
2017-08-17,2466.750000,2468.500000,2423.750000,2429.500000,2429.500000,1137333
2017-08-18,2426.750000,2439.500000,2419.500000,2426.750000,2426.750000,2236170
2017-08-20,null,null,null,null,null,null
2017-08-21,2428.750000,2431.500000,2415.750000,2428.000000,2428.000000,2203303
2017-08-22,2428.000000,2454.250000,2427.500000,2452.750000,2452.750000,1339966
2017-08-23,2453.000000,2454.750000,2438.750000,2441.500000,2441.500000,1367156
2017-08-24,2440.250000,2449.000000,2434.500000,2440.750000,2440.750000,1243382
2017-08-25,2442.500000,2453.500000,2437.500000,2442.500000,2442.500000,1407417
2017-08-27,null,null,null,null,null,null
2017-08-28,2442.000000,2449.250000,2436.250000,2443.750000,2443.750000,1211227
2017-08-29,2434.000000,2448.500000,2421.000000,2447.000000,2447.000000,953054
2017-08-30,2446.500000,2459.750000,2442.750000,2455.750000,2455.750000,1615262
2017-08-31,2455.250000,2474.250000,2454.750000,2470.000000,2470.000000,1301444
2017-09-01,2470.250000,2479.750000,2470.000000,2474.250000,2474.250000,1752826
2017-09-03,null,null,null,null,null,null
2017-09-05,2461.250000,2471.250000,2445.500000,2459.750000,2459.750000,1057024
2017-09-06,2460.250000,2469.000000,2456.500000,2465.500000,2465.500000,2123649
2017-09-07,2464.000000,2468.750000,2457.500000,2466.500000,2466.500000,1574076
2017-09-08,2466.500000,2467.500000,2456.750000,2462.500000,2462.500000,1534736
2017-09-10,null,null,null,null,null,null
2017-09-11,2468.000000,2489.000000,2468.000000,2487.500000,2487.500000,1242750
2017-09-12,2488.250000,2497.000000,2486.750000,2496.000000,2496.000000,1333316
2017-09-13,2497.000000,2497.500000,2490.750000,2496.500000,2496.500000,1042880
2017-09-14,2496.250000,2498.250000,2489.500000,2496.500000,2496.500000,611367
2017-09-15,2496.000000,2496.500000,2489.500000,2496.000000,2496.000000,419698
2017-09-17,null,null,null,null,null,null
2017-09-18,2499.000000,2506.000000,2497.750000,2502.750000,2502.750000,1367390
2017-09-19,2502.750000,2506.000000,2501.000000,2504.750000,2504.750000,1090827
2017-09-20,2503.750000,2507.250000,2494.000000,2505.250000,2505.250000,961109
2017-09-21,2504.500000,2506.250000,2496.500000,2501.000000,2501.000000,1232948
2017-09-22,2500.750000,2501.000000,2492.000000,2499.500000,2499.500000,1117630
2017-09-24,null,null,null,null,null,null
2017-09-25,2499.000000,2504.500000,2485.000000,2497.000000,2497.000000,1024727
2017-09-26,2498.000000,2501.250000,2492.250000,2495.500000,2495.500000,1539626
2017-09-27,2495.000000,2509.250000,2493.000000,2504.500000,2504.500000,1144642
2017-09-28,2503.250000,2508.250000,2499.000000,2507.750000,2507.750000,1576031
2017-09-29,2507.750000,2517.750000,2504.750000,2516.000000,2516.000000,1109027
2017-10-01,null,null,null,null,null,null
2017-10-02,2518.000000,2528.000000,2517.000000,2526.250000,2526.250000,1368322
2017-10-03,2527.250000,2533.500000,2525.500000,2532.750000,2532.750000,1138362
2017-10-04,2533.000000,2538.000000,2529.000000,2536.250000,2536.250000,849153
2017-10-05,2535.250000,2550.750000,2534.500000,2550.000000,2550.000000,956590
2017-10-06,2548.750000,2549.750000,2541.500000,2545.000000,2545.000000,1104438
2017-10-08,null,null,null,null,null,null
2017-10-09,2543.250000,2550.500000,2539.250000,2543.750000,2543.750000,1169419
2017-10-10,2543.250000,2553.250000,2542.750000,2548.500000,2548.500000,735488
2017-10-11,2548.750000,2553.500000,2544.250000,2553.000000,2553.000000,1149236
2017-10-12,2552.250000,2553.250000,2546.250000,2549.500000,2549.500000,818238
2017-10-13,2548.000000,2555.500000,2547.000000,2552.750000,2552.750000,938476
2017-10-15,null,null,null,null,null,null
2017-10-16,2552.250000,2557.750000,2550.750000,2556.250000,2556.250000,918541
2017-10-17,2555.500000,2557.750000,2552.250000,2557.000000,2557.000000,795923
2017-10-18,2556.500000,2562.250000,2556.250000,2560.000000,2560.000000,738739
2017-10-19,2560.000000,2561.500000,2542.500000,2560.500000,2560.500000,753384
2017-10-20,2561.000000,2574.500000,2559.500000,2574.000000,2574.000000,1362805
2017-10-22,null,null,null,null,null,null
2017-10-23,2572.750000,2577.250000,2561.500000,2563.500000,2563.500000,1254054
2017-10-24,2562.500000,2570.250000,2562.250000,2567.250000,2567.250000,1272965
2017-10-25,2564.750000,2566.250000,2541.500000,2558.500000,2558.500000,1047808
2017-10-26,2559.500000,2565.000000,2555.500000,2561.500000,2561.500000,2099172
2017-10-27,2561.500000,2580.750000,2557.500000,2578.500000,2578.500000,1392205
2017-10-29,null,null,null,null,null,null
2017-10-30,2575.500000,2578.250000,2565.500000,2568.250000,2568.250000,1561074
2017-10-31,2568.000000,2575.500000,2566.750000,2572.750000,2572.750000,1237600
2017-11-01,2572.750000,2585.500000,2571.000000,2574.750000,2574.750000,1051279
2017-11-02,2571.500000,2578.500000,2562.250000,2576.750000,2576.750000,1290220
2017-11-03,2577.500000,2585.500000,2573.500000,2582.750000,2582.750000,1297222
2017-11-05,null,null,null,null,null,null
2017-11-06,2580.000000,2590.000000,2575.500000,2588.750000,2588.750000,992681
2017-11-07,2587.750000,2593.500000,2580.750000,2586.750000,2586.750000,848119
2017-11-08,2584.000000,2592.500000,2579.750000,2591.000000,2591.000000,1163840
2017-11-09,2591.250000,2594.500000,2563.250000,2584.000000,2584.000000,1058023
2017-11-10,2582.000000,2585.750000,2571.500000,2579.500000,2579.500000,2218191
2017-11-12,null,null,null,null,null,null
2017-11-13,2580.250000,2585.500000,2570.250000,2582.000000,2582.000000,1193217
2017-11-14,2580.250000,2582.250000,2564.250000,2578.000000,2578.000000,1052173
2017-11-15,2576.750000,2577.000000,2555.500000,2565.000000,2565.000000,1582882
2017-11-16,2564.250000,2589.500000,2562.250000,2585.000000,2585.000000,1917948
2017-11-17,2584.250000,2586.000000,2574.750000,2576.250000,2576.250000,1528865
2017-11-19,null,null,null,null,null,null
2017-11-20,2576.000000,2584.000000,2567.750000,2582.000000,2582.000000,1186958
2017-11-21,2582.000000,2600.500000,2579.250000,2596.250000,2596.250000,1000520
2017-11-22,2595.750000,2600.000000,2592.750000,2594.500000,2594.500000,1153787
2017-11-24,null,null,null,null,null,null
2017-11-26,null,null,null,null,null,null
2017-11-27,2601.000000,2605.500000,2596.500000,2601.750000,2601.750000,551196
2017-11-28,2602.250000,2627.000000,2597.500000,2626.000000,2626.000000,960112
2017-11-29,2625.500000,2634.250000,2619.750000,2625.000000,2625.000000,1558414
2017-11-30,2625.000000,2658.500000,2621.750000,2648.000000,2648.000000,1661775
2017-12-01,2640.750000,2650.750000,2605.000000,2644.000000,2644.000000,2346236
2017-12-03,null,null,null,null,null,null
2017-12-04,2654.500000,2665.250000,2633.750000,2638.250000,2638.250000,2520826
2017-12-05,2636.000000,2648.750000,2627.250000,2628.250000,2628.250000,1756938
2017-12-06,2626.750000,2634.500000,2620.000000,2629.250000,2629.250000,1392821
2017-12-07,2630.500000,2641.250000,2626.250000,2639.500000,2639.500000,1307666
2017-12-08,2639.500000,2652.500000,2637.750000,2651.000000,2651.000000,1345485
2017-12-10,null,null,null,null,null,null
2017-12-11,2652.000000,2664.750000,2649.250000,2661.500000,2661.500000,1154864
2017-12-12,2662.750000,2670.250000,2660.500000,2665.000000,2665.000000,1266601
2017-12-13,2665.500000,2672.500000,2656.750000,2666.500000,2666.500000,1032184
2017-12-14,2665.500000,2670.750000,2649.250000,2653.250000,2653.250000,758320
2017-12-15,2650.000000,2667.250000,2650.000000,2666.750000,2666.750000,473836
2017-12-17,null,null,null,null,null,null
2017-12-18,2683.000000,2698.000000,2682.500000,2694.500000,2694.500000,1410847
2017-12-19,2695.000000,2698.000000,2682.500000,2684.000000,2684.000000,1040769
2017-12-20,2684.750000,2695.500000,2679.000000,2681.500000,2681.500000,980483
2017-12-21,2681.500000,2696.000000,2680.750000,2687.750000,2687.750000,981223
2017-12-22,2686.750000,2691.500000,2682.250000,2686.000000,2686.000000,853748
2017-12-24,null,null,null,null,null,null
2017-12-26,2686.750000,2689.500000,2683.500000,2687.000000,2687.000000,360430
2017-12-27,2687.500000,2691.000000,2681.500000,2685.500000,2685.500000,376101
2017-12-28,2684.000000,2689.000000,2683.000000,2685.750000,2685.750000,666329
2017-12-29,2684.750000,2698.250000,2667.750000,2676.000000,2676.000000,535624
2017-12-31,null,null,null,null,null,null
2018-01-02,2675.250000,2696.000000,2674.500000,2693.000000,2693.000000,1092038
2018-01-03,2693.750000,2714.250000,2692.250000,2711.000000,2711.000000,996265
2018-01-04,2710.250000,2729.000000,2708.500000,2723.750000,2723.750000,1114548
2018-01-05,2725.000000,2743.250000,2723.750000,2742.500000,2742.500000,1166017
2018-01-07,null,null,null,null,null,null
2018-01-08,2741.750000,2748.500000,2736.500000,2746.750000,2746.750000,1136500
2018-01-09,2746.500000,2760.000000,2742.750000,2752.250000,2752.250000,903544
2018-01-10,2749.750000,2752.000000,2736.500000,2750.500000,2750.500000,1137598
2018-01-11,2750.000000,2770.500000,2747.750000,2769.500000,2769.500000,1289898
2018-01-12,2768.750000,2790.000000,2766.750000,2788.750000,2788.750000,1045414
2018-01-14,null,null,null,null,null,null
2018-01-16,2789.750000,2808.500000,2769.250000,2782.500000,2782.500000,1357120
2018-01-17,2782.750000,2809.500000,2779.000000,2803.750000,2803.750000,1981469
2018-01-18,2803.250000,2808.000000,2793.750000,2796.250000,2796.250000,1541873
2018-01-19,2797.000000,2815.000000,2791.750000,2811.000000,2811.000000,1345331
2018-01-21,null,null,null,null,null,null
2018-01-22,2804.000000,2838.250000,2802.000000,2835.250000,2835.250000,1363990
2018-01-23,2835.250000,2844.750000,2828.750000,2839.500000,2839.500000,1179414
2018-01-24,2837.000000,2855.250000,2825.500000,2841.000000,2841.000000,1282163
2018-01-25,2840.000000,2853.750000,2830.750000,2841.250000,2841.250000,1885278
2018-01-26,2842.250000,2876.000000,2841.250000,2874.500000,2874.500000,1439217
2018-01-28,null,null,null,null,null,null
2018-01-29,2874.250000,2878.500000,2851.500000,2853.500000,2853.500000,1286287
2018-01-30,2853.250000,2858.000000,2818.500000,2824.500000,2824.500000,1395078
2018-01-31,2823.250000,2839.750000,2813.000000,2825.750000,2825.750000,2133815
2018-02-01,2828.750000,2837.250000,2809.500000,2822.500000,2822.500000,1841227
2018-02-02,2826.500000,2831.000000,2755.250000,2756.750000,2756.750000,1646906
2018-02-04,null,null,null,null,null,null
2018-02-05,2757.000000,2763.000000,2595.750000,2607.750000,2607.750000,2532442
2018-02-06,2624.000000,2699.750000,2529.000000,2694.250000,2694.250000,4009557
2018-02-07,2685.500000,2726.750000,2660.500000,2668.250000,2668.250000,4806868
2018-02-08,2664.750000,2686.500000,2577.000000,2593.500000,2593.500000,2491133
2018-02-09,2593.750000,2637.750000,2530.250000,2619.000000,2619.000000,3121915
2018-02-11,null,null,null,null,null,null
2018-02-12,2628.250000,2671.500000,2620.000000,2655.250000,2655.250000,3909443
2018-02-13,2653.250000,2667.500000,2634.250000,2661.750000,2661.750000,2170447
2018-02-14,2662.500000,2701.750000,2627.000000,2697.000000,2697.000000,1461104
2018-02-15,2695.500000,2736.750000,2688.500000,2734.000000,2734.000000,2087016
2018-02-16,2734.000000,2754.750000,2722.250000,2735.000000,2735.000000,1668909
2018-02-18,null,null,null,null,null,null
2018-02-20,2734.500000,2747.750000,2705.750000,2714.000000,2714.000000,1738551
2018-02-21,2714.500000,2747.750000,2693.500000,2698.750000,2698.750000,1447502
2018-02-22,2698.500000,2731.000000,2682.000000,2711.500000,2711.500000,1661308
2018-02-23,2712.750000,2750.250000,2710.000000,2748.750000,2748.750000,1623017
2018-02-25,null,null,null,null,null,null
2018-02-26,2751.500000,2786.000000,2742.500000,2784.500000,2784.500000,0
2018-02-27,2783.500000,2789.750000,2742.000000,2747.500000,2747.500000,1256268
2018-02-28,2746.500000,2762.000000,2712.000000,2714.500000,2714.500000,1717155
2018-03-01,2718.250000,2731.000000,2658.500000,2678.250000,2678.250000,1876678
2018-03-02,2678.750000,2696.000000,2647.000000,2690.250000,2690.250000,2818966
2018-03-04,null,null,null,null,null,null
2018-03-05,2683.250000,2727.750000,2663.750000,2718.500000,2718.500000,2171819
2018-03-06,2719.000000,2734.500000,2710.250000,2724.000000,2724.000000,1781823
2018-03-07,2700.000000,2730.250000,2681.250000,2723.250000,2723.250000,1450085
2018-03-08,2722.500000,2740.500000,2720.000000,2739.250000,2739.250000,1870360
2018-03-09,2736.500000,2787.000000,2730.000000,2784.000000,2784.000000,1502808
2018-03-11,null,null,null,null,null,null
2018-03-12,2784.000000,2800.500000,2779.000000,2784.000000,2784.000000,1541679
2018-03-13,2782.250000,2802.500000,2758.500000,2768.500000,2768.500000,1232395
2018-03-14,2763.000000,2779.500000,2744.250000,2749.750000,2749.750000,1232770
2018-03-15,2750.750000,2763.500000,2741.000000,2751.500000,2751.500000,766900
2018-03-16,2753.750000,2757.000000,2747.000000,2752.750000,2752.750000,358566
2018-03-18,null,null,null,null,null,null
2018-03-19,2756.250000,2756.500000,2697.250000,2722.750000,2722.750000,1142517
2018-03-20,2721.500000,2729.000000,2712.750000,2723.500000,2723.500000,1986809
2018-03-21,2723.250000,2744.000000,2712.500000,2718.250000,2718.250000,1099899
2018-03-22,2718.250000,2726.250000,2641.750000,2643.250000,2643.250000,1423759
2018-03-23,2645.750000,2658.750000,2586.000000,2597.750000,2597.750000,2548609
2018-03-25,null,null,null,null,null,null
2018-03-26,2595.000000,2662.750000,2591.000000,2659.500000,2659.500000,2875654
2018-03-27,2659.500000,2679.750000,2596.000000,2615.750000,2615.750000,2302375
2018-03-28,2612.750000,2633.750000,2593.000000,2607.500000,2607.500000,2448450
2018-03-29,2609.750000,2659.500000,2601.000000,2643.000000,2643.000000,2802883
2018-04-01,null,null,null,null,null,null
2018-04-02,2635.000000,2641.500000,2552.000000,2575.000000,2575.000000,2042949
2018-04-03,2581.250000,2618.750000,2573.500000,2613.250000,2613.250000,2395329
2018-04-04,2612.000000,2649.750000,2559.500000,2647.000000,2647.000000,2220246
2018-04-05,2645.750000,2672.250000,2644.000000,2661.750000,2661.750000,2247386
2018-04-06,2663.000000,2664.000000,2584.500000,2605.750000,2605.750000,1642890
2018-04-08,null,null,null,null,null,null
2018-04-09,2607.500000,2653.750000,2607.500000,2619.000000,2619.000000,2615117
2018-04-10,2617.750000,2666.250000,2612.250000,2655.000000,2655.000000,1762078
2018-04-11,2654.500000,2661.250000,2626.000000,2641.000000,2641.000000,1998582
2018-04-12,2642.500000,2675.000000,2639.750000,2664.000000,2664.000000,1637350
2018-04-13,2661.750000,2680.500000,2644.750000,2657.250000,2657.250000,1301132
2018-04-15,null,null,null,null,null,null
2018-04-16,2673.250000,2687.000000,2660.750000,2681.750000,2681.750000,1711823
2018-04-17,2679.250000,2713.750000,2678.750000,2706.500000,2706.500000,1237183
2018-04-18,2704.500000,2718.500000,2703.750000,2709.750000,2709.750000,1251766
2018-04-19,2711.750000,2713.250000,2681.500000,2693.000000,2693.000000,1044851
2018-04-20,2692.500000,2698.250000,2659.750000,2671.500000,2671.500000,1577913
2018-04-22,null,null,null,null,null,null
2018-04-23,2683.000000,2684.750000,2657.250000,2671.250000,2671.250000,1604973
2018-04-24,2672.000000,2688.500000,2616.000000,2635.250000,2635.250000,1239828
2018-04-25,2635.250000,2648.250000,2611.250000,2644.500000,2644.500000,2329880
2018-04-26,2648.250000,2677.500000,2639.500000,2674.500000,2674.500000,1902899
2018-04-27,2675.500000,2676.250000,2657.750000,2671.500000,2671.500000,1279539
2018-04-29,null,null,null,null,null,null
2018-04-30,2670.500000,2682.250000,2645.000000,2647.000000,2647.000000,1142350
2018-05-01,2646.250000,2658.000000,2623.250000,2652.250000,2652.250000,1341086
2018-05-02,2655.500000,2658.500000,2624.250000,2627.500000,2627.500000,1323628
2018-05-03,2626.750000,2636.250000,2591.250000,2631.750000,2631.750000,1427995
2018-05-04,2631.750000,2669.500000,2612.250000,2663.000000,2663.000000,2146587
2018-05-06,null,null,null,null,null,null
2018-05-07,2662.750000,2681.500000,2661.250000,2670.000000,2670.000000,1699202
2018-05-08,2668.000000,2674.250000,2652.250000,2670.250000,2670.250000,1148919
2018-05-09,2669.750000,2700.000000,2666.500000,2696.000000,2696.000000,1281751
2018-05-10,2696.000000,2725.000000,2692.750000,2718.750000,2718.750000,1251722
2018-05-11,2716.250000,2732.500000,2716.250000,2729.500000,2729.500000,1173629
2018-05-13,null,null,null,null,null,null
2018-05-14,2727.250000,2741.250000,2724.250000,2731.000000,2731.000000,1066248
2018-05-15,2728.500000,2731.250000,2700.500000,2709.000000,2709.000000,945963
2018-05-16,2711.250000,2728.000000,2704.500000,2723.000000,2723.000000,1519108
2018-05-17,2721.750000,2732.000000,2711.000000,2718.750000,2718.750000,1057687
2018-05-18,2718.750000,2727.000000,2708.750000,2713.000000,2713.000000,1071506
2018-05-20,null,null,null,null,null,null
2018-05-21,2728.750000,2739.250000,2724.250000,2733.000000,2733.000000,1013073
2018-05-22,2731.250000,2741.750000,2721.500000,2726.000000,2726.000000,951913
2018-05-23,2724.500000,2733.000000,2704.500000,2730.750000,2730.750000,891511
2018-05-24,2729.750000,2733.250000,2705.750000,2727.500000,2727.500000,1295885
2018-05-25,2726.750000,2737.750000,2713.750000,2718.250000,2718.250000,1277264
2018-05-27,null,null,null,null,null,null
2018-05-29,2721.250000,2724.250000,2675.000000,2692.250000,2692.250000,993783
2018-05-30,2693.250000,2729.250000,2685.750000,2724.500000,2724.500000,1989677
2018-05-31,2720.250000,2728.250000,2699.750000,2705.500000,2705.500000,1424364
2018-06-01,2707.500000,2737.000000,2706.000000,2733.750000,2733.750000,1665452
2018-06-03,null,null,null,null,null,null
2018-06-04,2731.000000,2749.250000,2729.000000,2745.500000,2745.500000,1241171
2018-06-05,2746.000000,2753.250000,2739.000000,2751.500000,2751.500000,857850
2018-06-06,2751.000000,2774.750000,2748.000000,2772.250000,2772.250000,1027609
2018-06-07,2773.250000,2779.750000,2760.000000,2772.250000,2772.250000,1326401
2018-06-08,2771.000000,2779.750000,2752.000000,2778.750000,2778.750000,1773923
2018-06-10,null,null,null,null,null,null
2018-06-11,2771.000000,2790.500000,2770.500000,2783.000000,2783.000000,1367033
2018-06-12,2781.250000,2789.750000,2778.500000,2784.000000,2784.000000,1218834
2018-06-13,2788.000000,2791.750000,2773.750000,2774.250000,2774.250000,988748
2018-06-14,2773.250000,2789.250000,2767.500000,2783.250000,2783.250000,614173
2018-06-15,2782.500000,2784.000000,2766.250000,2776.500000,2776.500000,398105
2018-06-17,null,null,null,null,null,null
2018-06-18,2780.000000,2786.750000,2761.250000,2779.750000,2779.750000,1512061
2018-06-19,2778.250000,2780.250000,2735.750000,2766.250000,2766.250000,993118
2018-06-20,2765.250000,2778.250000,2757.250000,2772.000000,2772.000000,1657081
2018-06-21,2771.750000,2785.250000,2747.000000,2752.500000,2752.500000,1082802
2018-06-22,2750.500000,2768.500000,2749.250000,2759.500000,2759.500000,1493235
2018-06-24,null,null,null,null,null,null
2018-06-25,2757.000000,2758.000000,2700.500000,2722.250000,2722.250000,1108771
2018-06-26,2721.750000,2735.250000,2714.750000,2728.500000,2728.500000,2206994
2018-06-27,2726.500000,2748.000000,2701.000000,2705.000000,2705.000000,1399067
2018-06-28,2705.000000,2726.250000,2693.250000,2719.500000,2719.500000,2117686
2018-06-29,2720.000000,2745.500000,2716.750000,2721.500000,2721.500000,1678667
2018-07-01,null,null,null,null,null,null
2018-07-02,2721.000000,2728.500000,2698.500000,2727.250000,2727.250000,1641889
2018-07-03,null,null,null,null,null,null
2018-07-05,2713.000000,2739.750000,2710.750000,2738.500000,2738.500000,860533
2018-07-06,2737.000000,2766.250000,2731.250000,2763.000000,2763.000000,1165235
2018-07-08,null,null,null,null,null,null
2018-07-09,2762.000000,2788.000000,2761.750000,2787.500000,2787.500000,1287758
2018-07-10,2787.500000,2797.750000,2780.500000,2796.750000,2796.750000,970337
2018-07-11,2780.750000,2787.750000,2765.750000,2774.000000,2774.000000,925706
2018-07-12,2776.750000,2801.000000,2773.750000,2798.500000,2798.500000,1369176
2018-07-13,2798.500000,2807.250000,2793.250000,2803.250000,2803.250000,1120424
2018-07-15,null,null,null,null,null,null
2018-07-16,2804.750000,2809.000000,2795.000000,2796.500000,2796.500000,952307
2018-07-17,2795.750000,2815.750000,2789.750000,2811.250000,2811.250000,801608
2018-07-18,2813.000000,2818.250000,2806.750000,2816.000000,2816.000000,1059163
2018-07-19,2814.500000,2818.000000,2800.250000,2805.250000,2805.250000,860523
2018-07-20,2805.500000,2810.500000,2793.000000,2800.750000,2800.750000,1082645
2018-07-22,null,null,null,null,null,null
2018-07-23,2805.250000,2812.500000,2792.500000,2812.000000,2812.000000,1013663
2018-07-24,2810.500000,2831.250000,2810.250000,2821.000000,2821.000000,812481
2018-07-25,2819.250000,2849.500000,2814.000000,2841.250000,2841.250000,1347688
2018-07-26,2835.250000,2846.500000,2833.250000,2842.500000,2842.500000,1302896
2018-07-27,2840.250000,2847.000000,2808.750000,2817.500000,2817.500000,1039552
2018-07-29,null,null,null,null,null,null
2018-07-30,2816.000000,2821.750000,2798.250000,2803.250000,2803.250000,1492056
2018-07-31,2805.500000,2827.750000,2802.750000,2817.000000,2817.000000,1169457
2018-08-01,2824.250000,2825.750000,2805.500000,2810.750000,2810.750000,1366896
2018-08-02,2814.000000,2831.250000,2791.000000,2828.500000,2828.500000,1098291
2018-08-03,2830.750000,2841.500000,2824.750000,2839.500000,2839.500000,1238138
2018-08-05,null,null,null,null,null,null
2018-08-06,2841.500000,2853.500000,2835.000000,2850.000000,2850.000000,922242
2018-08-07,2849.250000,2863.750000,2848.250000,2859.750000,2859.750000,797324
2018-08-08,2860.500000,2862.500000,2852.500000,2855.250000,2855.250000,780222
2018-08-09,2853.500000,2862.750000,2850.500000,2853.750000,2853.750000,745412
2018-08-10,2852.500000,2852.750000,2826.000000,2836.750000,2836.750000,696695
2018-08-12,null,null,null,null,null,null
2018-08-13,2835.750000,2843.750000,2820.000000,2825.500000,2825.500000,1416182
2018-08-14,2826.750000,2843.500000,2825.750000,2841.000000,2841.000000,1282874
2018-08-15,2841.750000,2843.000000,2803.000000,2821.250000,2821.250000,1022577
2018-08-16,2822.250000,2851.750000,2817.500000,2844.750000,2844.750000,1871800
2018-08-17,2843.500000,2857.000000,2835.000000,2852.250000,2852.250000,1271529
2018-08-19,null,null,null,null,null,null
2018-08-20,2851.750000,2860.750000,2850.250000,2858.500000,2858.500000,1202980
2018-08-21,2856.750000,2874.000000,2852.000000,2861.750000,2861.750000,817383
2018-08-22,2853.000000,2868.250000,2846.250000,2861.250000,2861.250000,1055051
2018-08-23,2861.750000,2869.750000,2854.750000,2858.000000,2858.000000,996434
2018-08-24,2858.250000,2877.500000,2856.250000,2876.750000,2876.750000,1050042
2018-08-26,null,null,null,null,null,null
2018-08-27,2877.750000,2899.500000,2876.750000,2898.500000,2898.500000,1058571
2018-08-28,2899.000000,2906.250000,2894.250000,2899.250000,2899.250000,961496
2018-08-29,2900.500000,2917.500000,2897.500000,2914.750000,2914.750000,902705
2018-08-30,2915.750000,2916.250000,2895.500000,2902.000000,2902.000000,1113797
2018-08-31,2898.000000,2907.500000,2891.750000,2902.000000,2902.000000,1331841
2018-09-02,null,null,null,null,null,null
2018-09-04,2906.500000,2912.500000,2885.500000,2898.250000,2898.250000,1323038
2018-09-05,2898.750000,2900.500000,2877.500000,2888.250000,2888.250000,1605954
2018-09-06,2888.500000,2893.000000,2868.000000,2879.000000,2879.000000,1604742
2018-09-07,2877.750000,2885.000000,2865.000000,2874.750000,2874.750000,1633946
2018-09-09,null,null,null,null,null,null
2018-09-10,2873.750000,2888.250000,2873.250000,2880.250000,2880.250000,1692240
2018-09-11,2879.750000,2893.000000,2867.250000,2889.750000,2889.750000,1248308
2018-09-12,2890.000000,2895.250000,2879.500000,2888.500000,2888.500000,1269254
2018-09-13,2887.000000,2907.000000,2884.750000,2905.250000,2905.250000,1581597
2018-09-14,2904.750000,2912.250000,2896.750000,2906.250000,2906.250000,1641192
2018-09-16,null,null,null,null,null,null
2018-09-17,2903.500000,2906.250000,2887.250000,2891.000000,2891.000000,1203335
2018-09-18,2890.500000,2912.500000,2878.500000,2906.500000,2906.500000,1161598
2018-09-19,2907.750000,2913.750000,2900.750000,2910.000000,2910.000000,986831
2018-09-20,2911.250000,2935.750000,2908.250000,2934.000000,2934.000000,563497
2018-09-21,2934.750000,2944.000000,2932.250000,2943.000000,2943.000000,360700
2018-09-23,null,null,null,null,null,null
2018-09-24,2929.500000,2930.250000,2917.750000,2925.500000,2925.500000,1489417
2018-09-25,2926.500000,2934.250000,2918.250000,2921.250000,2921.250000,1162107
2018-09-26,2922.500000,2936.000000,2907.500000,2911.500000,2911.500000,1032045
2018-09-27,2911.500000,2932.000000,2907.500000,2920.000000,2920.000000,1308995
2018-09-28,2922.250000,2925.500000,2908.000000,2919.000000,2919.000000,1210835
2018-09-30,null,null,null,null,null,null
2018-10-01,2922.500000,2942.000000,2922.500000,2930.000000,2930.000000,1429127
2018-10-02,2929.250000,2936.000000,2917.500000,2928.500000,2928.500000,1239963
2018-10-03,2929.000000,2944.750000,2924.750000,2931.500000,2931.500000,1132507
2018-10-04,2926.000000,2926.250000,2887.750000,2907.750000,2907.750000,1244514
2018-10-05,2910.000000,2915.500000,2873.250000,2894.000000,2894.000000,2165850
2018-10-07,null,null,null,null,null,null
2018-10-08,2897.500000,2898.250000,2866.000000,2893.750000,2893.750000,2291213
2018-10-09,2892.250000,2900.000000,2874.500000,2888.250000,2888.250000,1760642
2018-10-10,2886.750000,2891.250000,2771.500000,2781.000000,2781.000000,1770753
2018-10-11,2776.500000,2798.750000,2712.250000,2745.500000,2745.500000,3460738
2018-10-12,2748.500000,2785.000000,2732.250000,2768.500000,2768.500000,4013855
2018-10-14,null,null,null,null,null,null
2018-10-15,2770.000000,2778.750000,2745.250000,2749.000000,2749.000000,2853415
2018-10-16,2747.500000,2819.000000,2745.500000,2817.750000,2817.750000,1763922
2018-10-17,2816.250000,2824.250000,2783.250000,2816.250000,2816.250000,1780311
2018-10-18,2813.250000,2814.750000,2756.500000,2772.250000,2772.250000,1948526
2018-10-19,2774.750000,2800.500000,2762.250000,2767.500000,2767.500000,2218738
2018-10-21,null,null,null,null,null,null
2018-10-22,2758.000000,2782.000000,2749.750000,2756.500000,2756.500000,2023613
2018-10-23,2755.750000,2757.500000,2692.250000,2746.250000,2746.250000,1665740
2018-10-24,2745.250000,2750.000000,2652.250000,2664.250000,2664.250000,2849774
2018-10-25,2673.750000,2723.750000,2658.750000,2688.250000,2688.250000,2856919
2018-10-26,2678.000000,2692.750000,2627.250000,2669.500000,2669.500000,2535913
2018-10-28,null,null,null,null,null,null
2018-10-29,2667.000000,2707.000000,2603.000000,2643.500000,2643.500000,3509803
2018-10-30,2639.000000,2690.250000,2633.250000,2685.250000,2685.250000,2786555
2018-10-31,2690.750000,2737.250000,2682.000000,2711.000000,2711.000000,2503396
2018-11-01,2706.000000,2741.250000,2705.500000,2738.000000,2738.000000,2469662
2018-11-02,2724.000000,2766.250000,2699.500000,2724.250000,2724.250000,1820142
2018-11-04,null,null,null,null,null,null
2018-11-05,2722.500000,2743.750000,2712.750000,2739.500000,2739.500000,2372699
2018-11-06,2739.000000,2761.000000,2729.750000,2759.000000,2759.000000,1311938
2018-11-07,2756.750000,2817.750000,2744.750000,2816.500000,2816.500000,1269341
2018-11-08,2815.750000,2818.000000,2795.000000,2808.750000,2808.750000,1894012
2018-11-09,2804.000000,2811.250000,2764.500000,2779.000000,2779.000000,1317225
2018-11-11,null,null,null,null,null,null
2018-11-12,2778.750000,2795.250000,2722.250000,2727.750000,2727.750000,1724880
2018-11-13,2732.000000,2755.750000,2714.500000,2727.500000,2727.500000,1921301
2018-11-14,2731.250000,2748.250000,2686.250000,2698.500000,2698.500000,2101869
2018-11-15,2702.000000,2736.750000,2671.250000,2734.500000,2734.500000,2295505
2018-11-16,2731.750000,2748.750000,2708.750000,2743.000000,2743.000000,2383852
2018-11-18,null,null,null,null,null,null
2018-11-19,2733.000000,2748.000000,2681.500000,2696.250000,2696.250000,1875116
2018-11-20,2696.250000,2696.750000,2631.750000,2640.000000,2640.000000,1988117
2018-11-21,2639.750000,2671.250000,2632.250000,2649.000000,2649.000000,2533128
2018-11-23,null,null,null,null,null,null
2018-11-25,null,null,null,null,null,null
2018-11-26,2633.500000,2676.250000,2631.500000,2670.000000,2670.000000,872856
2018-11-27,2661.000000,2686.750000,2655.250000,2683.500000,2683.500000,1374735
2018-11-28,2686.250000,2745.000000,2681.000000,2741.500000,2741.500000,1503048
2018-11-29,2738.000000,2754.500000,2723.250000,2744.250000,2744.250000,1866115
2018-11-30,2742.000000,2764.750000,2729.000000,2758.250000,2758.250000,1489330
2018-12-02,null,null,null,null,null,null
2018-12-03,2793.500000,2814.000000,2773.500000,2790.750000,2790.750000,1475346
2018-12-04,2789.750000,2790.500000,2696.000000,2701.750000,2701.750000,1909240
2018-12-06,2713.250000,2714.000000,2621.250000,2691.000000,2691.000000,184904
2018-12-07,2694.250000,2709.750000,2623.250000,2636.000000,2636.000000,3308356
2018-12-09,null,null,null,null,null,null
2018-12-10,2625.000000,2648.500000,2583.000000,2643.000000,2643.000000,2596155
2018-12-11,2644.000000,2678.000000,2621.250000,2641.250000,2641.250000,2564357
2018-12-12,2632.500000,2686.500000,2631.750000,2652.500000,2652.500000,2265284
2018-12-13,2653.000000,2671.000000,2637.250000,2645.500000,2645.500000,1900862
2018-12-14,2646.500000,2648.750000,2594.000000,2602.000000,2602.000000,2043406
2018-12-16,null,null,null,null,null,null
2018-12-17,2594.000000,2613.750000,2530.500000,2552.500000,2552.500000,1664325
2018-12-18,2553.750000,2574.750000,2528.000000,2535.750000,2535.750000,1602680
2018-12-19,2530.500000,2593.250000,2488.000000,2503.250000,2503.250000,1215895
2018-12-20,2503.500000,2517.500000,2441.000000,2485.750000,2485.750000,823819
2018-12-21,2487.000000,2491.250000,2466.750000,2467.750000,2467.750000,630214
2018-12-23,null,null,null,null,null,null
2018-12-24,null,null,null,null,null,null
2018-12-26,2348.500000,2477.750000,2316.750000,2471.000000,2471.000000,1292750
2018-12-27,2470.250000,2498.750000,2397.000000,2495.000000,2495.000000,2015176
2018-12-28,2491.500000,2523.000000,2472.750000,2486.000000,2486.000000,2283892
2018-12-30,null,null,null,null,null,null
2018-12-31,2495.500000,2513.000000,2482.750000,2505.250000,2505.250000,2011392
2019-01-02,2508.000000,2521.250000,2452.250000,2511.000000,2511.000000,1414594
2019-01-03,2482.250000,2493.500000,2443.250000,2447.750000,2447.750000,1969697
2019-01-04,2451.750000,2539.250000,2438.500000,2531.250000,2531.250000,2257341
2019-01-06,null,null,null,null,null,null
2019-01-07,2537.250000,2567.500000,2523.250000,2550.500000,2550.500000,2350836
2019-01-08,2553.250000,2581.250000,2547.500000,2572.500000,2572.500000,1632131
2019-01-09,2569.500000,2596.750000,2568.500000,2582.500000,2582.500000,1664892
2019-01-10,2580.000000,2599.500000,2560.500000,2594.000000,2594.000000,1596941
2019-01-11,2594.000000,2597.750000,2577.000000,2595.000000,2595.000000,1534119
2019-01-13,null,null,null,null,null,null
2019-01-14,2588.500000,2592.000000,2567.250000,2580.500000,2580.500000,1213026
2019-01-15,2581.500000,2613.750000,2580.000000,2605.500000,2605.500000,1199404
2019-01-16,2605.750000,2626.250000,2602.500000,2613.250000,2613.250000,1532494
2019-01-17,2614.500000,2645.500000,2596.500000,2635.250000,2635.250000,1330329
2019-01-18,2636.750000,2677.750000,2632.750000,2671.500000,2671.500000,1508869
2019-01-20,null,null,null,null,null,null
2019-01-22,2669.250000,2673.500000,2616.500000,2632.000000,2632.000000,1753852
2019-01-23,2630.750000,2653.750000,2612.500000,2638.250000,2638.250000,1880446
2019-01-24,2635.000000,2647.500000,2626.000000,2634.000000,2634.000000,1576181
2019-01-25,2636.250000,2672.500000,2634.500000,2663.500000,2663.500000,1266714
2019-01-27,null,null,null,null,null,null
2019-01-28,2660.000000,2663.500000,2622.250000,2642.000000,2642.000000,1388741
2019-01-29,2640.250000,2650.000000,2628.500000,2640.250000,2640.250000,1408636
2019-01-30,2648.500000,2689.750000,2636.250000,2682.500000,2682.500000,1261703
2019-01-31,2683.500000,2713.000000,2675.750000,2704.500000,2704.500000,1564987
2019-02-01,2707.750000,2716.000000,2695.500000,2704.250000,2704.250000,1935195
2019-02-03,null,null,null,null,null,null
2019-02-04,2699.250000,2725.000000,2697.000000,2721.250000,2721.250000,1469597
2019-02-05,2719.500000,2737.750000,2716.250000,2731.000000,2731.000000,1024581
2019-02-06,2730.750000,2736.500000,2722.250000,2729.500000,2729.500000,1225737
2019-02-07,2727.000000,2729.250000,2685.500000,2704.000000,2704.000000,1196377
2019-02-08,2702.000000,2709.000000,2680.750000,2706.250000,2706.250000,1921663
2019-02-10,null,null,null,null,null,null
2019-02-11,2710.750000,2721.500000,2700.500000,2708.250000,2708.250000,1579544
2019-02-12,2707.000000,2748.000000,2705.500000,2744.750000,2744.750000,1110070
2019-02-13,2743.500000,2762.000000,2742.750000,2749.500000,2749.500000,1307152
2019-02-14,2749.250000,2763.000000,2730.250000,2743.500000,2743.500000,1209879
2019-02-15,2741.250000,2778.500000,2729.000000,2777.000000,2777.000000,1679091
2019-02-17,null,null,null,null,null,null
2019-02-19,2777.000000,2787.500000,2766.000000,2778.750000,2778.750000,1518783
2019-02-20,2777.750000,2790.750000,2773.250000,2787.000000,2787.000000,1198092
2019-02-21,2787.000000,2798.000000,2764.250000,2774.250000,2774.250000,1284923
2019-02-22,2773.500000,2795.500000,2770.500000,2791.250000,2791.250000,1426061
2019-02-24,null,null,null,null,null,null
2019-02-25,2799.500000,2814.000000,2794.500000,2797.000000,2797.000000,1190834
2019-02-26,2795.750000,2803.500000,2783.250000,2791.500000,2791.500000,1256092
2019-02-27,2788.000000,2797.250000,2775.000000,2795.000000,2795.000000,1201641
2019-02-28,2795.250000,2795.750000,2781.750000,2784.750000,2784.750000,1138855
2019-03-01,2785.250000,2808.250000,2783.000000,2805.000000,2805.000000,1360457
2019-03-03,null,null,null,null,null,null
2019-03-04,2814.000000,2819.750000,2767.500000,2791.500000,2791.500000,1265597
2019-03-05,2790.500000,2799.000000,2783.250000,2791.500000,2791.500000,1791972
2019-03-06,2786.500000,2792.750000,2768.500000,2771.500000,2771.500000,1203448
2019-03-07,2770.500000,2776.250000,2738.500000,2750.000000,2750.000000,1509846
2019-03-08,2749.000000,2751.500000,2722.000000,2747.000000,2747.000000,1919820
2019-03-10,null,null,null,null,null,null
2019-03-11,2745.500000,2787.500000,2736.750000,2784.000000,2784.000000,1380324
2019-03-12,2784.750000,2798.250000,2780.500000,2792.000000,2792.000000,1300372
2019-03-13,2792.250000,2821.250000,2783.000000,2814.500000,2814.500000,958317
2019-03-14,2816.000000,2820.000000,2803.750000,2807.250000,2807.250000,583009
2019-03-15,2808.000000,2821.500000,2807.500000,2811.889893,2811.889893,330522
2019-03-17,null,null,null,null,null,null
2019-03-18,2827.000000,2842.000000,2824.000000,2840.500000,2840.500000,1382358
2019-03-19,2841.500000,2858.750000,2829.000000,2836.500000,2836.500000,1036540
2019-03-20,2837.250000,2849.250000,2817.250000,2827.000000,2827.000000,1497577
2019-03-21,2823.750000,2866.000000,2813.750000,2862.500000,2862.500000,1693207
2019-03-22,2859.500000,2864.750000,2805.250000,2810.750000,2810.750000,1657949
2019-03-24,null,null,null,null,null,null
2019-03-25,2813.000000,2818.500000,2789.500000,2807.000000,2807.000000,2254842
2019-03-26,2808.500000,2835.000000,2806.000000,2823.000000,2823.000000,1801326
2019-03-27,2823.500000,2831.750000,2791.750000,2810.500000,2810.500000,1461068
2019-03-28,2807.000000,2824.250000,2795.000000,2821.000000,2821.000000,1726746
2019-03-29,2820.500000,2840.750000,2820.250000,2837.750000,2837.750000,1185882
2019-03-31,null,null,null,null,null,null
2019-04-01,2844.500000,2873.500000,2844.500000,2870.500000,2870.500000,1491974
2019-04-02,2868.500000,2873.750000,2862.250000,2867.000000,2867.000000,1256933
2019-04-03,2866.000000,2889.250000,2865.250000,2879.750000,2879.750000,859942
2019-04-04,2880.750000,2885.750000,2871.000000,2882.750000,2882.750000,1240848
2019-04-05,2882.500000,2898.000000,2880.500000,2896.000000,2896.000000,1045539
2019-04-07,null,null,null,null,null,null
2019-04-08,2896.250000,2899.750000,2884.250000,2898.250000,2898.250000,1221029
2019-04-09,2898.500000,2900.000000,2877.250000,2882.500000,2882.500000,978909
2019-04-10,2882.000000,2896.000000,2878.000000,2894.500000,2894.500000,1182395
2019-04-11,2894.750000,2900.000000,2885.250000,2891.750000,2891.750000,972310
2019-04-12,2892.000000,2914.750000,2890.750000,2912.500000,2912.500000,968649
2019-04-14,null,null,null,null,null,null
2019-04-15,2912.000000,2914.500000,2900.500000,2909.500000,2909.500000,1227893
2019-04-16,2910.250000,2921.250000,2904.500000,2911.500000,2911.500000,955662
2019-04-17,2910.250000,2923.500000,2898.500000,2900.500000,2900.500000,1124491
2019-04-18,2901.000000,2911.750000,2889.500000,2910.000000,2910.000000,1382265
2019-04-21,null,null,null,null,null,null
2019-04-22,2908.750000,2915.750000,2899.000000,2912.500000,2912.500000,1335778
2019-04-23,2911.750000,2939.750000,2908.000000,2938.000000,2938.000000,706067
2019-04-24,2937.250000,2939.750000,2927.750000,2930.750000,2930.750000,1193738
2019-04-25,2930.000000,2935.750000,2914.250000,2926.250000,2926.250000,1125250
2019-04-26,2923.750000,2942.750000,2917.250000,2941.500000,2941.500000,1376185
2019-04-28,null,null,null,null,null,null
2019-04-29,2939.250000,2951.500000,2937.750000,2943.000000,2943.000000,1246988
2019-04-30,2942.500000,2956.500000,2926.000000,2948.500000,2948.500000,944846
2019-05-01,2955.000000,2961.250000,2916.000000,2923.000000,2923.000000,1491268
2019-05-02,2916.500000,2932.750000,2901.000000,2917.500000,2917.500000,1502201
2019-05-03,2918.500000,2949.500000,2916.500000,2947.500000,2947.500000,1813837
2019-05-05,null,null,null,null,null,null
2019-05-06,2917.750000,2938.250000,2883.500000,2932.500000,2932.500000,1295606
2019-05-07,2911.750000,2930.500000,2862.500000,2890.750000,2890.750000,2037157
2019-05-08,2889.750000,2899.500000,2868.750000,2887.250000,2887.250000,2813033
2019-05-09,2884.000000,2885.500000,2836.250000,2872.750000,2872.750000,2043325
2019-05-10,2869.750000,2893.000000,2826.000000,2887.000000,2887.000000,2705412
2019-05-12,null,null,null,null,null,null
2019-05-13,2858.500000,2869.250000,2802.000000,2807.000000,2807.000000,2848095
2019-05-14,2806.000000,2853.750000,2799.750000,2839.250000,2839.250000,2790074
2019-05-15,2840.750000,2860.000000,2815.000000,2855.000000,2855.000000,1797995
2019-05-16,2853.500000,2894.000000,2840.500000,2878.500000,2878.500000,1753507
2019-05-17,2879.750000,2887.500000,2852.500000,2862.000000,2862.000000,1687728
2019-05-19,null,null,null,null,null,null
2019-05-20,2861.500000,2876.500000,2832.500000,2844.000000,2844.000000,1926351
2019-05-21,2848.000000,2870.750000,2846.250000,2866.000000,2866.000000,1659139
2019-05-22,2864.750000,2869.500000,2848.250000,2857.500000,2857.500000,1303238
2019-05-23,2857.750000,2858.500000,2805.750000,2819.500000,2819.500000,1258767
2019-05-24,2821.750000,2842.000000,2819.250000,2831.750000,2831.750000,2013518
2019-05-26,null,null,null,null,null,null
2019-05-28,2831.000000,2841.250000,2800.500000,2805.000000,2805.000000,1201967
2019-05-29,2804.250000,2806.000000,2766.250000,2780.000000,2780.000000,1633540
2019-05-30,2779.500000,2799.000000,2776.500000,2790.500000,2790.500000,2087458
2019-05-31,2788.750000,2791.000000,2750.000000,2752.500000,2752.500000,1282029
2019-06-02,null,null,null,null,null,null
2019-06-03,2741.000000,2763.750000,2728.750000,2749.500000,2749.500000,2211587
2019-06-04,2754.000000,2806.250000,2744.000000,2805.000000,2805.000000,2297243
2019-06-05,2806.500000,2829.500000,2801.000000,2827.750000,2827.750000,1836910
2019-06-06,2820.500000,2853.000000,2812.750000,2845.750000,2845.750000,1743779
2019-06-07,2840.000000,2886.250000,2838.000000,2875.000000,2875.000000,1566762
2019-06-09,null,null,null,null,null,null
2019-06-10,2893.250000,2905.750000,2880.500000,2889.250000,2889.250000,1687328
2019-06-11,2890.250000,2911.500000,2879.250000,2887.000000,2887.000000,1416247
2019-06-12,2887.250000,2891.000000,2875.250000,2881.000000,2881.000000,1397028
2019-06-13,2882.000000,2896.500000,2867.250000,2894.500000,2894.500000,1205406
2019-06-14,2893.750000,2898.750000,2880.500000,2890.500000,2890.500000,1437516
2019-06-16,null,null,null,null,null,null
2019-06-17,2890.750000,2900.750000,2887.750000,2892.000000,2892.000000,1257750
2019-06-18,2893.500000,2931.750000,2884.500000,2921.750000,2921.750000,1157402
2019-06-19,2920.500000,2932.500000,2909.000000,2929.000000,2929.000000,1073047
2019-06-20,2926.750000,2960.000000,2926.000000,2955.750000,2955.750000,638949
2019-06-21,2953.750000,2956.000000,2944.000000,2953.899902,2953.899902,473310
2019-06-23,null,null,null,null,null,null
2019-06-24,2948.000000,2961.750000,2947.250000,2952.000000,2952.000000,1547604
2019-06-25,2951.000000,2958.250000,2920.000000,2922.000000,2922.000000,910166
2019-06-26,2922.500000,2939.000000,2914.500000,2918.000000,2918.000000,1417191
2019-06-27,2914.750000,2935.750000,2914.750000,2931.000000,2931.000000,1232682
2019-06-28,2932.750000,2955.250000,2930.000000,2944.250000,2944.250000,1060248
2019-06-30,2970.000000,2977.500000,2968.500000,2970.250000,2970.250000,3910453
2019-07-01,2970.000000,2981.750000,2955.500000,2967.750000,2967.750000,1322759
2019-07-02,2968.000000,2980.000000,2958.500000,2979.500000,2979.500000,1457722
2019-07-03,null,null,null,null,null,null
2019-07-05,3000.750000,3006.000000,2971.250000,2990.500000,2990.500000,805258
2019-07-07,2990.750000,2994.750000,2988.500000,2989.000000,2989.000000,657743
2019-07-08,2990.750000,2994.750000,2973.250000,2978.500000,2978.500000,1339312
2019-07-09,2977.750000,2986.250000,2963.500000,2982.000000,2982.000000,1016611
2019-07-10,2982.250000,3007.500000,2971.250000,2997.500000,2997.500000,956650
2019-07-11,2996.000000,3006.750000,2992.500000,3004.000000,3004.000000,1422362
2019-07-12,3003.000000,3018.000000,3002.250000,3015.500000,3015.500000,1181911
2019-07-14,3015.250000,3016.750000,3013.250000,3013.500000,3013.500000,417079
2019-07-15,3015.250000,3023.500000,3010.750000,3017.250000,3017.250000,969956
2019-07-16,3017.250000,3021.750000,3004.500000,3007.000000,3007.000000,829936
2019-07-17,3005.750000,3013.000000,2980.500000,2985.000000,2985.000000,939814
2019-07-18,2980.750000,3005.250000,2974.500000,2997.500000,2997.500000,1039457
2019-07-19,3003.750000,3009.750000,2969.500000,2977.000000,2977.000000,1345038
2019-07-21,2974.500000,2980.000000,2972.500000,2979.500000,2979.500000,1098849
2019-07-22,2974.500000,2993.500000,2972.500000,2989.000000,2989.000000,1482373
2019-07-23,2988.750000,3008.500000,2987.500000,3008.000000,3008.000000,1098399
2019-07-24,3003.000000,3022.000000,2996.000000,3021.500000,3021.500000,1056909
2019-07-25,3018.000000,3027.750000,2998.000000,3006.500000,3006.500000,1068766
2019-07-26,3006.500000,3029.500000,3006.000000,3024.500000,3024.500000,1333721
2019-07-28,3022.000000,3026.000000,3022.000000,3023.500000,3023.500000,538104
2019-07-29,3022.000000,3027.250000,3015.500000,3021.750000,3021.750000,961015
2019-07-30,3022.250000,3027.500000,3001.500000,3012.250000,3012.250000,823572
2019-07-31,3016.250000,3020.750000,2958.000000,2982.250000,2982.250000,1182050
2019-08-01,2970.250000,3014.250000,2944.500000,2952.000000,2952.000000,1951108
2019-08-02,2950.250000,2961.000000,2913.500000,2932.500000,2932.500000,2736926
2019-08-04,2929.250000,2931.750000,2925.250000,2926.750000,2926.750000,1074260
2019-08-05,2929.250000,2933.500000,2820.500000,2830.000000,2830.000000,2447014
2019-08-06,2816.250000,2883.750000,2775.750000,2876.000000,2876.000000,3072122
2019-08-07,2873.750000,2891.500000,2823.250000,2880.500000,2880.500000,2601037
2019-08-08,2879.000000,2940.750000,2870.500000,2940.000000,2940.000000,2680813
2019-08-09,2928.000000,2935.750000,2899.000000,2919.750000,2919.750000,1800667
2019-08-11,2918.750000,2926.500000,2914.500000,2916.500000,2916.500000,902330
2019-08-12,2918.750000,2931.000000,2872.500000,2880.250000,2880.250000,2026304
2019-08-13,2882.250000,2944.250000,2866.750000,2932.000000,2932.000000,1710875
2019-08-14,2931.000000,2936.500000,2835.750000,2840.750000,2840.750000,2184012
2019-08-15,2836.000000,2871.750000,2817.750000,2848.500000,2848.500000,2786308
2019-08-16,2851.000000,2894.750000,2849.500000,2891.500000,2891.500000,2495340
2019-08-18,2893.000000,2907.750000,2892.500000,2903.750000,2903.750000,1808239
2019-08-19,2893.000000,2932.250000,2892.500000,2923.750000,2923.750000,1631175
2019-08-20,2921.250000,2932.250000,2894.250000,2898.250000,2898.250000,1285798
2019-08-21,2893.250000,2932.500000,2893.000000,2929.250000,2929.250000,1475214
2019-08-22,2931.250000,2939.750000,2904.250000,2922.250000,2922.250000,1180368
2019-08-23,2920.250000,2936.750000,2834.000000,2855.500000,2855.500000,1470309
2019-08-25,2831.000000,2831.250000,2810.250000,2824.250000,2824.250000,6057749
2019-08-26,2831.000000,2888.500000,2810.250000,2883.250000,2883.250000,2864662
2019-08-27,2882.750000,2899.500000,2860.000000,2865.500000,2865.500000,1850231
2019-08-28,2866.250000,2890.500000,2851.750000,2889.750000,2889.750000,1528362
2019-08-29,2883.250000,2930.750000,2875.250000,2926.750000,2926.750000,1489617
2019-08-30,2923.250000,2946.500000,2913.250000,2924.750000,2924.750000,1489670
2019-09-01,2901.000000,2910.000000,2895.250000,2909.750000,2909.750000,2099663
2019-09-03,2901.000000,2926.500000,2889.000000,2906.000000,2906.000000,1642516
2019-09-04,2903.000000,2939.500000,2902.000000,2938.500000,2938.500000,1999829
2019-09-05,2938.000000,2986.500000,2936.500000,2972.000000,2972.000000,1252834
2019-09-06,2970.750000,2988.250000,2970.250000,2980.750000,2980.750000,1669999
2019-09-08,2980.250000,2985.500000,2980.000000,2982.000000,2982.000000,703090
2019-09-09,2980.250000,2991.500000,2969.500000,2978.250000,2978.250000,1182287
2019-09-10,2979.250000,2985.000000,2957.250000,2978.500000,2978.500000,1199935
2019-09-11,2979.000000,3004.250000,2972.000000,3002.000000,3002.000000,1493346
2019-09-12,3003.000000,3021.750000,3001.000000,3011.750000,3011.750000,1423833
2019-09-13,3010.000000,3023.750000,3003.500000,3006.500000,3006.500000,1745651
2019-09-15,2993.500000,2997.500000,2985.250000,2989.000000,2989.000000,2233154
2019-09-16,2993.500000,3003.250000,2981.250000,2999.000000,2999.000000,1275710
2019-09-17,3001.750000,3006.500000,2991.500000,3005.500000,3005.500000,1197095
2019-09-18,3006.000000,3011.000000,2978.500000,3006.250000,3006.250000,1096388
2019-09-19,3008.000000,3022.250000,2988.750000,3006.000000,3006.000000,637344
2019-09-20,3005.500000,3015.500000,3001.750000,3013.610107,3013.610107,372849
2019-09-22,2995.750000,3008.250000,2995.750000,3002.750000,3002.750000,2239870
2019-09-23,2995.750000,3008.250000,2982.000000,2997.000000,2997.000000,1476593
2019-09-24,3001.000000,3012.250000,2958.500000,2970.250000,2970.250000,1044218
2019-09-25,2971.000000,2991.750000,2953.750000,2986.250000,2986.250000,1936806
2019-09-26,2985.750000,2995.000000,2964.250000,2980.500000,2980.500000,1501723
2019-09-27,2979.750000,2993.000000,2946.250000,2963.750000,2963.750000,1351351
2019-09-29,2976.000000,2980.250000,2965.500000,2970.500000,2970.500000,1628438
2019-09-30,2976.000000,2986.250000,2964.500000,2978.500000,2978.500000,1673557
2019-10-01,2984.000000,2994.500000,2937.000000,2937.750000,2937.750000,1155807
2019-10-02,2942.250000,2949.000000,2874.000000,2880.500000,2880.500000,1601531
2019-10-03,2883.750000,2912.500000,2855.000000,2911.750000,2911.750000,2126769
2019-10-04,2911.500000,2953.250000,2896.750000,2951.000000,2951.000000,2037970
2019-10-06,2929.750000,2942.750000,2928.000000,2941.750000,2941.750000,1947134
2019-10-07,2929.750000,2959.500000,2928.000000,2937.500000,2937.500000,1497975
2019-10-08,2934.500000,2950.000000,2890.500000,2892.500000,2892.500000,1266872
2019-10-09,2893.500000,2934.250000,2888.250000,2919.000000,2919.000000,1865325
2019-10-10,2920.500000,2954.000000,2881.750000,2941.000000,2941.000000,1305749
2019-10-11,2949.000000,2994.000000,2941.750000,2970.750000,2970.750000,1577766
2019-10-13,2968.000000,2981.750000,2967.500000,2979.500000,2979.500000,1268636
2019-10-14,2968.000000,2982.500000,2953.750000,2965.500000,2965.500000,1743810
2019-10-15,2966.750000,3003.250000,2966.500000,2997.750000,2997.750000,833670
2019-10-16,2996.500000,2997.750000,2984.750000,2991.500000,2991.500000,1181207
2019-10-17,2992.250000,3008.000000,2985.250000,2998.000000,2998.000000,1148118
2019-10-18,2997.750000,3001.250000,2975.000000,2988.250000,2988.250000,1121748
2019-10-20,2984.750000,2991.000000,2983.750000,2990.250000,2990.250000,1093450
2019-10-21,2984.750000,3007.500000,2983.750000,3006.500000,3006.500000,1335276
2019-10-22,3006.500000,3014.250000,2988.250000,2994.500000,2994.500000,886557
2019-10-23,2992.000000,3006.000000,2982.000000,3005.750000,3005.750000,1125601
2019-10-24,3006.000000,3015.250000,2998.750000,3004.250000,3004.250000,1055958
2019-10-25,3003.750000,3026.500000,3000.000000,3020.250000,3020.250000,1061278
2019-10-27,3023.000000,3026.000000,3022.750000,3024.250000,3024.250000,763880
2019-10-28,3023.000000,3042.750000,3022.750000,3036.250000,3036.250000,1098391
2019-10-29,3038.250000,3046.250000,3029.500000,3035.750000,3035.750000,1041931
2019-10-30,3036.500000,3055.000000,3023.250000,3047.750000,3047.750000,1040149
2019-10-31,3051.750000,3052.000000,3020.250000,3035.750000,3035.750000,1179153
2019-11-01,3036.000000,3065.000000,3033.000000,3063.250000,3063.250000,1766536
2019-11-03,3064.750000,3069.000000,3064.750000,3068.250000,3068.250000,396619
2019-11-04,3064.750000,3083.750000,3064.750000,3075.750000,3075.750000,1279508
2019-11-05,3076.750000,3085.750000,3069.750000,3072.000000,3072.000000,1179714
2019-11-06,3071.500000,3078.000000,3063.000000,3075.500000,3075.500000,1124217
2019-11-07,3077.250000,3097.000000,3070.250000,3086.000000,3086.000000,1076833
2019-11-08,3086.250000,3092.500000,3072.500000,3090.500000,3090.500000,1353330
2019-11-10,3090.500000,3092.250000,3089.250000,3089.750000,3089.750000,250212
2019-11-11,3090.500000,3092.250000,3074.500000,3087.500000,3087.500000,1080147
2019-11-12,3087.750000,3102.000000,3081.250000,3092.000000,3092.000000,844597
2019-11-13,3091.250000,3097.000000,3075.750000,3095.500000,3095.500000,1101243
2019-11-14,3096.250000,3099.750000,3081.750000,3097.000000,3097.000000,1251057
2019-11-15,3097.000000,3119.500000,3095.750000,3118.250000,3118.250000,1105353
2019-11-17,3119.000000,3119.250000,3114.000000,3114.000000,3114.000000,314606
2019-11-18,3119.000000,3127.750000,3111.000000,3121.750000,3121.750000,1251167
2019-11-19,3121.500000,3132.500000,3112.750000,3118.500000,3118.500000,1034214
2019-11-20,3116.500000,3118.500000,3090.750000,3109.000000,3109.000000,1195901
2019-11-21,3097.250000,3114.500000,3091.250000,3104.000000,3104.000000,1693828
2019-11-22,3104.000000,3114.500000,3097.750000,3111.500000,3111.500000,1434552
2019-11-24,3119.000000,3121.000000,3116.500000,3118.250000,3118.250000,378247
2019-11-25,3119.000000,3133.500000,3116.500000,3132.750000,3132.750000,995416
2019-11-26,3131.250000,3145.000000,3128.000000,3143.750000,3143.750000,947831
2019-11-27,3143.750000,3155.000000,3141.750000,3153.750000,3153.750000,1068011
2019-11-29,null,null,null,null,null,null
2019-12-01,3146.250000,3148.000000,3144.250000,3146.750000,3146.750000,334155
2019-12-02,3146.250000,3158.000000,3110.250000,3114.250000,3114.250000,902189
2019-12-03,3114.250000,3121.750000,3069.500000,3091.000000,3091.000000,1927030
2019-12-04,3091.750000,3119.500000,3081.750000,3111.000000,3111.000000,2146620
2019-12-05,3111.000000,3124.750000,3103.250000,3117.750000,3117.750000,1485940
2019-12-06,3117.750000,3151.000000,3117.000000,3146.000000,3146.000000,1318780
2019-12-08,3146.500000,3148.500000,3146.000000,3146.750000,3146.750000,214387
2019-12-09,3146.500000,3149.500000,3131.250000,3134.500000,3134.500000,1300299
2019-12-10,3133.500000,3143.000000,3116.250000,3136.000000,3136.000000,1145426
2019-12-11,3135.500000,3144.500000,3129.500000,3143.000000,3143.000000,1425723
2019-12-12,3144.000000,3177.500000,3137.250000,3168.000000,3168.000000,1225764
2019-12-13,3175.750000,3185.000000,3156.750000,3172.000000,3172.000000,2379008
2019-12-15,3176.500000,3177.250000,3173.750000,3176.000000,3176.000000,286701
2019-12-16,3176.500000,3198.750000,3173.750000,3194.250000,3194.250000,1834941
2019-12-17,3192.500000,3199.250000,3187.750000,3192.000000,3192.000000,1413219
2019-12-18,3189.500000,3199.000000,3188.500000,3194.750000,3194.750000,1032120
2019-12-19,3195.000000,3209.000000,3190.250000,3207.000000,3207.000000,582632
2019-12-20,3208.500000,3231.020020,3204.250000,3231.020020,3231.020020,433420
2019-12-22,3227.000000,3229.000000,3224.750000,3228.000000,3228.000000,192174
2019-12-23,3227.000000,3234.250000,3224.250000,3227.250000,3227.250000,1320006
2019-12-24,null,null,null,null,null,null
2019-12-26,3227.500000,3244.750000,3227.000000,3244.500000,3244.500000,297971
2019-12-27,3242.000000,3254.000000,3235.500000,3237.500000,3237.500000,464639
2019-12-29,3238.250000,3241.250000,3238.000000,3240.750000,3240.750000,212453
2019-12-30,3238.250000,3244.250000,3217.250000,3223.500000,3223.500000,984389
2019-12-31,3223.250000,3236.250000,3213.000000,3231.000000,3231.000000,1124598
2020-01-02,3237.000000,3261.750000,3234.250000,3259.000000,3259.000000,1157924
2020-01-03,3261.000000,3263.500000,3206.750000,3235.500000,3235.500000,1416241
2020-01-05,3220.250000,3223.750000,3216.250000,3222.000000,3222.000000,1002909
2020-01-06,3220.250000,3249.500000,3208.750000,3243.500000,3243.500000,1755057
2020-01-07,3243.500000,3254.500000,3226.000000,3235.250000,3235.250000,1502748
2020-01-08,3231.750000,3267.750000,3181.000000,3260.250000,3260.250000,1293494
2020-01-09,3261.250000,3276.750000,3257.750000,3276.000000,3276.000000,2279138
2020-01-10,3275.500000,3287.000000,3260.750000,3264.750000,3264.750000,1297679
2020-01-12,3265.750000,3271.500000,3265.500000,3270.250000,3270.250000,304502
2020-01-13,3265.750000,3291.000000,3265.500000,3289.750000,3289.750000,1533121
2020-01-14,3289.250000,3296.750000,3275.250000,3288.000000,3288.000000,1008998
2020-01-15,3287.750000,3299.000000,3277.750000,3293.750000,3293.750000,1694799
2020-01-16,3294.250000,3318.000000,3294.000000,3316.500000,3316.500000,1468347
2020-01-17,3316.750000,3330.250000,3316.000000,3325.000000,3325.000000,1335246
2020-01-19,3325.000000,3327.750000,3323.250000,3327.750000,3327.750000,340135
2020-01-21,3325.000000,3329.750000,3307.250000,3319.500000,3319.500000,1312253
2020-01-22,3321.250000,3337.500000,3315.250000,3319.750000,3319.750000,1573187
2020-01-23,3317.250000,3327.000000,3301.250000,3326.000000,3326.000000,1505107
2020-01-24,3326.500000,3337.000000,3280.500000,3293.500000,3293.500000,1717046
2020-01-26,3269.750000,3269.750000,3252.250000,3258.500000,3258.500000,3392426
2020-01-27,3269.750000,3269.750000,3233.000000,3239.500000,3239.500000,2515168
2020-01-28,3239.500000,3285.000000,3238.750000,3278.250000,3278.250000,2581636
2020-01-29,3281.750000,3292.750000,3265.250000,3272.500000,3272.500000,1910878
2020-01-30,3271.500000,3295.250000,3239.750000,3289.750000,3289.750000,1665382
2020-01-31,3292.000000,3297.500000,3212.750000,3224.000000,3224.000000,2421276
2020-02-02,3222.750000,3236.250000,3222.000000,3231.000000,3231.000000,2120471
2020-02-03,3222.750000,3267.250000,3222.000000,3245.500000,3245.500000,3152069
2020-02-04,3244.250000,3305.250000,3236.000000,3299.500000,3299.500000,1919477
2020-02-05,3300.250000,3338.000000,3288.250000,3335.000000,3335.000000,1698403
2020-02-06,3337.000000,3357.750000,3332.500000,3345.250000,3345.250000,2046111
2020-02-07,3349.000000,3350.000000,3320.750000,3325.500000,3325.500000,1462323
2020-02-09,3322.250000,3329.250000,3303.500000,3311.750000,3311.750000,1442939
2020-02-10,3322.250000,3353.500000,3303.500000,3353.000000,3353.000000,1698940
2020-02-11,3351.000000,3374.500000,3349.250000,3357.500000,3357.500000,1399815
2020-02-12,3360.500000,3381.500000,3355.500000,3380.500000,3380.500000,1486164
2020-02-13,3381.250000,3384.750000,3348.500000,3377.500000,3377.500000,1229231
2020-02-14,3379.500000,3388.500000,3365.250000,3381.000000,3381.000000,1772784
2020-02-16,3382.250000,3389.500000,3382.000000,3388.250000,3388.250000,441298
2020-02-18,3382.250000,3392.500000,3355.250000,3369.250000,3369.250000,1334897
2020-02-19,3372.000000,3393.750000,3370.750000,3387.250000,3387.250000,1735931
2020-02-20,3391.750000,3397.500000,3339.250000,3369.250000,3369.250000,1163426
2020-02-21,3367.000000,3369.250000,3328.000000,3339.250000,3339.250000,2073749
2020-02-23,3309.000000,3312.000000,3289.500000,3299.250000,3299.250000,3029530
2020-02-24,3309.000000,3312.000000,3213.750000,3226.250000,3226.250000,2293728
2020-02-25,3223.000000,3259.500000,3117.250000,3132.500000,3132.500000,3636687
2020-02-26,3138.000000,3182.000000,3091.000000,3110.250000,3110.250000,4375530
2020-02-27,3100.250000,3117.000000,2952.250000,3110.250000,3110.250000,4572181
2020-02-28,2950.000000,2994.250000,2853.250000,2956.899902,2956.899902,5450283
2020-03-01,2950.000000,2996.000000,2853.250000,2957.000000,2957.000000,5499126
2020-03-02,2900.000000,3093.250000,2889.250000,2951.100098,2951.100098,3515977
2020-03-03,3077.000000,3137.000000,2973.000000,3065.100098,3065.100098,3617838
2020-03-04,2988.250000,3129.500000,2976.500000,2997.100098,2997.100098,2456513
2020-03-05,3109.250000,3113.750000,2996.500000,3114.699951,3114.699951,2649868
2020-03-06,3024.250000,3037.000000,2898.000000,3015.500000,3015.500000,2992638
2020-03-08,3024.250000,3037.000000,2898.000000,3015.500000,3015.500000,3010973
2020-03-09,2916.000000,2916.000000,2715.000000,2964.100098,2964.100098,2490454
2020-03-10,2733.000000,2884.750000,2695.250000,2747.699951,2747.699951,3273594
2020-03-11,2859.500000,2869.500000,2702.750000,2865.750000,2865.750000,2824963
2020-03-12,2738.000000,2774.000000,2442.500000,2740.300049,2740.300049,4207725
2020-03-13,2429.500000,2707.750000,2393.500000,2468.899902,2468.899902,3244207
2020-03-15,2429.500000,2707.750000,2393.500000,2468.899902,2468.899902,3295273
2020-03-16,2631.500000,2652.000000,2350.000000,2683.899902,2683.899902,3415781
2020-03-17,2498.000000,2554.500000,2352.000000,2406.250000,2406.250000,1010824445
2020-03-18,2467.500000,2486.250000,2262.000000,2485.500000,2485.500000,3085714
2020-03-19,2402.500000,2460.000000,2275.000000,2401.399902,2401.399902,3022652
2020-03-20,2351.000000,2499.000000,2280.000000,2389.000000,2389.000000,2885909
2020-03-22,2220.250000,2229.000000,2174.000000,2191.500000,2191.500000,3393230
2020-03-23,2198.250000,2384.750000,2174.500000,2257.000000,2257.000000,1041579681
2020-03-24,2281.250000,2470.000000,2275.250000,2432.750000,2432.750000,810750788
2020-03-25,2406.000000,2560.750000,2386.000000,2464.250000,2464.250000,989839220
2020-03-26,2454.500000,2629.000000,2402.250000,2618.250000,2618.250000,774716710
2020-03-27,2577.500000,2605.000000,2505.250000,2520.000000,2520.000000,720188588
2020-03-29,2459.000000,2498.250000,2445.000000,2494.750000,2494.750000,6316426